{
    "loss": 0.12006788700819016,
    "accuracy": 0.9568345546722412
}